<?xml version="1.0"?>
<preset>

<description/>

<settings>
<intro/>
<comments>0</comments>
<requiredentries>0</requiredentries>
<requiredentriestoview>0</requiredentriestoview>
<maxentries>0</maxentries>
<rssarticles>0</rssarticles>
<approval>0</approval>
<manageapproved>1</manageapproved>
<defaultsortdir>0</defaultsortdir>
<defaultsort>0</defaultsort>
</settings>

<field>
<type>text</type>
<name>slot001</name>
<required>0</required>
</field>

<field>
<type>text</type>
<name>slot002</name>
<required>0</required>
</field>

<field>
<type>text</type>
<name>slot003</name>
<required>0</required>
</field>

<field>
<type>text</type>
<name>slot004</name>
<required>0</required>
</field>

<field>
<type>text</type>
<name>slot005</name>
<required>0</required>
</field>

<field>
<type>text</type>
<name>slot006</name>
<required>0</required>
</field>

<field>
<type>text</type>
<name>slot007</name>
<required>0</required>
</field>

<field>
<type>text</type>
<name>slot008</name>
<required>0</required>
</field>

<field>
<type>text</type>
<name>slot009</name>
<required>0</required>
</field>

<field>
<type>text</type>
<name>slot010</name>
<required>0</required>
</field>

<field>
<type>text</type>
<name>slot011</name>
<required>0</required>
</field>

<field>
<type>text</type>
<name>slot012</name>
<required>0</required>
</field>

<field>
<type>text</type>
<name>slot013</name>
<required>0</required>
</field>

<field>
<type>text</type>
<name>slot014</name>
<required>0</required>
</field>

<field>
<type>text</type>
<name>slot015</name>
<required>0</required>
</field>

<field>
<type>text</type>
<name>slot016</name>
<required>0</required>
</field>

<field>
<type>text</type>
<name>slot017</name>
<required>0</required>
</field>

<field>
<type>text</type>
<name>slot018</name>
<required>0</required>
</field>

<field>
<type>text</type>
<name>slot019</name>
<required>0</required>
</field>

<field>
<type>text</type>
<name>slot020</name>
<required>0</required>
</field>

<field>
<type>text</type>
<name>slot021</name>
<required>0</required>
</field>

<field>
<type>text</type>
<name>slot022</name>
<required>0</required>
</field>

<field>
<type>text</type>
<name>slot023</name>
<required>0</required>
</field>

<field>
<type>text</type>
<name>slot024</name>
<required>0</required>
</field>

<field>
<type>text</type>
<name>slot025</name>
<required>0</required>
</field>

<field>
<type>text</type>
<name>slot026</name>
<required>0</required>
</field>

<field>
<type>text</type>
<name>slot027</name>
<required>0</required>
</field>

<field>
<type>text</type>
<name>slot028</name>
<required>0</required>
</field>

<field>
<type>text</type>
<name>slot029</name>
<required>0</required>
</field>

<field>
<type>text</type>
<name>slot030</name>
<required>0</required>
</field>

<field>
<type>text</type>
<name>slot031</name>
<required>0</required>
</field>

<field>
<type>text</type>
<name>slot032</name>
<required>0</required>
</field>

<field>
<type>text</type>
<name>slot033</name>
<required>0</required>
</field>

<field>
<type>text</type>
<name>slot034</name>
<required>0</required>
</field>

<field>
<type>text</type>
<name>slot035</name>
<required>0</required>
</field>

<field>
<type>text</type>
<name>slot036</name>
<required>0</required>
</field>

<field>
<type>text</type>
<name>slot037</name>
<required>0</required>
</field>

<field>
<type>text</type>
<name>slot038</name>
<required>0</required>
</field>

<field>
<type>text</type>
<name>slot039</name>
<required>0</required>
</field>

<field>
<type>text</type>
<name>slot040</name>
<required>0</required>
</field>

<field>
<type>text</type>
<name>slot041</name>
<required>0</required>
</field>

<field>
<type>text</type>
<name>slot042</name>
<required>0</required>
</field>

<field>
<type>text</type>
<name>slot043</name>
<required>0</required>
</field>

<field>
<type>text</type>
<name>slot044</name>
<required>0</required>
</field>

<field>
<type>text</type>
<name>slot045</name>
<required>0</required>
</field>

<field>
<type>text</type>
<name>slot046</name>
<required>0</required>
</field>

<field>
<type>text</type>
<name>slot047</name>
<required>0</required>
</field>

<field>
<type>text</type>
<name>slot048</name>
<required>0</required>
</field>

<field>
<type>text</type>
<name>slot049</name>
<required>0</required>
</field>

<field>
<type>text</type>
<name>slot050</name>
<required>0</required>
</field>

<field>
<type>text</type>
<name>slot051</name>
<required>0</required>
</field>

<field>
<type>text</type>
<name>slot052</name>
<required>0</required>
</field>

<field>
<type>text</type>
<name>slot053</name>
<required>0</required>
</field>

<field>
<type>text</type>
<name>slot054</name>
<required>0</required>
</field>

<field>
<type>text</type>
<name>slot055</name>
<required>0</required>
</field>

<field>
<type>text</type>
<name>slot056</name>
<required>0</required>
</field>

<field>
<type>text</type>
<name>slot057</name>
<required>0</required>
</field>

<field>
<type>text</type>
<name>slot058</name>
<required>0</required>
</field>

<field>
<type>text</type>
<name>slot059</name>
<required>0</required>
</field>

<field>
<type>text</type>
<name>slot060</name>
<required>0</required>
</field>

<field>
<type>text</type>
<name>slot061</name>
<required>0</required>
</field>

<field>
<type>text</type>
<name>slot062</name>
<required>0</required>
</field>

<field>
<type>text</type>
<name>slot063</name>
<required>0</required>
</field>

<field>
<type>text</type>
<name>slot064</name>
<required>0</required>
</field>

<field>
<type>text</type>
<name>slot065</name>
<required>0</required>
</field>

<field>
<type>text</type>
<name>slot066</name>
<required>0</required>
</field>

<field>
<type>text</type>
<name>slot067</name>
<required>0</required>
</field>

<field>
<type>text</type>
<name>slot068</name>
<required>0</required>
</field>

<field>
<type>text</type>
<name>slot069</name>
<required>0</required>
</field>

<field>
<type>text</type>
<name>slot070</name>
<required>0</required>
</field>

<field>
<type>text</type>
<name>slot071</name>
<required>0</required>
</field>

<field>
<type>text</type>
<name>slot072</name>
<required>0</required>
</field>

<field>
<type>text</type>
<name>slot073</name>
<required>0</required>
</field>

<field>
<type>text</type>
<name>slot074</name>
<required>0</required>
</field>

<field>
<type>text</type>
<name>slot075</name>
<required>0</required>
</field>

<field>
<type>text</type>
<name>slot076</name>
<required>0</required>
</field>

<field>
<type>text</type>
<name>slot077</name>
<required>0</required>
</field>

<field>
<type>text</type>
<name>slot078</name>
<required>0</required>
</field>

<field>
<type>text</type>
<name>slot079</name>
<required>0</required>
</field>

<field>
<type>text</type>
<name>slot080</name>
<required>0</required>
</field>

<field>
<type>text</type>
<name>slot081</name>
<required>0</required>
</field>

<field>
<type>text</type>
<name>slot082</name>
<required>0</required>
</field>

<field>
<type>text</type>
<name>slot083</name>
<required>0</required>
</field>

<field>
<type>text</type>
<name>slot084</name>
<required>0</required>
</field>

<field>
<type>text</type>
<name>slot085</name>
<required>0</required>
</field>

<field>
<type>text</type>
<name>slot086</name>
<required>0</required>
</field>

<field>
<type>text</type>
<name>slot087</name>
<required>0</required>
</field>

<field>
<type>text</type>
<name>slot088</name>
<required>0</required>
</field>

<field>
<type>text</type>
<name>slot089</name>
<required>0</required>
</field>

<field>
<type>text</type>
<name>slot090</name>
<required>0</required>
</field>

<field>
<type>text</type>
<name>slot091</name>
<required>0</required>
</field>

<field>
<type>text</type>
<name>slot092</name>
<required>0</required>
</field>

<field>
<type>text</type>
<name>slot093</name>
<required>0</required>
</field>

<field>
<type>text</type>
<name>slot094</name>
<required>0</required>
</field>

<field>
<type>text</type>
<name>slot095</name>
<required>0</required>
</field>

<field>
<type>text</type>
<name>slot096</name>
<required>0</required>
</field>

<field>
<type>text</type>
<name>slot097</name>
<required>0</required>
</field>

<field>
<type>text</type>
<name>slot098</name>
<required>0</required>
</field>

<field>
<type>text</type>
<name>slot099</name>
<required>0</required>
</field>

<field>
<type>text</type>
<name>slot100</name>
<required>0</required>
</field>

<field>
<type>text</type>
<name>slot101</name>
<required>0</required>
</field>

<field>
<type>text</type>
<name>slot102</name>
<required>0</required>
</field>

<field>
<type>text</type>
<name>slot103</name>
<required>0</required>
</field>

<field>
<type>text</type>
<name>slot104</name>
<required>0</required>
</field>

<field>
<type>text</type>
<name>slot105</name>
<required>0</required>
</field>

<field>
<type>text</type>
<name>slot106</name>
<required>0</required>
</field>

<field>
<type>text</type>
<name>slot107</name>
<required>0</required>
</field>

<field>
<type>text</type>
<name>slot108</name>
<required>0</required>
</field>

<field>
<type>text</type>
<name>slot109</name>
<required>0</required>
</field>

<field>
<type>text</type>
<name>slot110</name>
<required>0</required>
</field>

<field>
<type>text</type>
<name>slot111</name>
<required>0</required>
</field>

<field>
<type>text</type>
<name>slot112</name>
<required>0</required>
</field>

<field>
<type>text</type>
<name>slot113</name>
<required>0</required>
</field>

<field>
<type>text</type>
<name>slot114</name>
<required>0</required>
</field>

<field>
<type>text</type>
<name>slot115</name>
<required>0</required>
</field>

<field>
<type>text</type>
<name>slot116</name>
<required>0</required>
</field>

<field>
<type>text</type>
<name>slot117</name>
<required>0</required>
</field>

<field>
<type>text</type>
<name>slot118</name>
<required>0</required>
</field>

<field>
<type>text</type>
<name>slot119</name>
<required>0</required>
</field>

<field>
<type>text</type>
<name>slot120</name>
<required>0</required>
</field>

<field>
<type>text</type>
<name>slot121</name>
<required>0</required>
</field>

<field>
<type>text</type>
<name>slot122</name>
<required>0</required>
</field>

<field>
<type>text</type>
<name>slot123</name>
<required>0</required>
</field>

<field>
<type>text</type>
<name>slot124</name>
<required>0</required>
</field>

<field>
<type>text</type>
<name>slot125</name>
<required>0</required>
</field>

<field>
<type>text</type>
<name>slot126</name>
<required>0</required>
</field>

<field>
<type>text</type>
<name>slot127</name>
<required>0</required>
</field>

<field>
<type>text</type>
<name>slot128</name>
<required>0</required>
</field>

<field>
<type>text</type>
<name>slot129</name>
<required>0</required>
</field>

<field>
<type>text</type>
<name>slot130</name>
<required>0</required>
</field>

<field>
<type>text</type>
<name>slot131</name>
<required>0</required>
</field>

<field>
<type>text</type>
<name>slot132</name>
<required>0</required>
</field>

<field>
<type>text</type>
<name>slot133</name>
<required>0</required>
</field>

<field>
<type>text</type>
<name>slot134</name>
<required>0</required>
</field>

<field>
<type>text</type>
<name>slot135</name>
<required>0</required>
</field>

<field>
<type>text</type>
<name>slot136</name>
<required>0</required>
</field>

<field>
<type>text</type>
<name>slot137</name>
<required>0</required>
</field>

<field>
<type>text</type>
<name>slot138</name>
<required>0</required>
</field>

<field>
<type>text</type>
<name>slot139</name>
<required>0</required>
</field>

<field>
<type>text</type>
<name>slot140</name>
<required>0</required>
</field>

<field>
<type>text</type>
<name>slot141</name>
<required>0</required>
</field>

<field>
<type>text</type>
<name>slot142</name>
<required>0</required>
</field>

<field>
<type>text</type>
<name>slot143</name>
<required>0</required>
</field>

<field>
<type>text</type>
<name>slot144</name>
<required>0</required>
</field>

<field>
<type>text</type>
<name>slot145</name>
<required>0</required>
</field>

<field>
<type>text</type>
<name>slot146</name>
<required>0</required>
</field>

<field>
<type>text</type>
<name>slot147</name>
<required>0</required>
</field>

<field>
<type>text</type>
<name>slot148</name>
<required>0</required>
</field>

<field>
<type>text</type>
<name>slot149</name>
<required>0</required>
</field>

<field>
<type>text</type>
<name>slot150</name>
<required>0</required>
</field>

<field>
<type>text</type>
<name>slot151</name>
<required>0</required>
</field>

<field>
<type>text</type>
<name>slot152</name>
<required>0</required>
</field>

<field>
<type>text</type>
<name>slot153</name>
<required>0</required>
</field>

<field>
<type>text</type>
<name>slot154</name>
<required>0</required>
</field>

<field>
<type>text</type>
<name>slot155</name>
<required>0</required>
</field>

<field>
<type>text</type>
<name>slot156</name>
<required>0</required>
</field>

<field>
<type>text</type>
<name>slot157</name>
<required>0</required>
</field>

<field>
<type>text</type>
<name>slot158</name>
<required>0</required>
</field>

<field>
<type>text</type>
<name>slot159</name>
<required>0</required>
</field>

<field>
<type>text</type>
<name>slot160</name>
<required>0</required>
</field>

<field>
<type>text</type>
<name>slot161</name>
<required>0</required>
</field>

<field>
<type>text</type>
<name>slot162</name>
<required>0</required>
</field>

<field>
<type>text</type>
<name>slot163</name>
<required>0</required>
</field>

<field>
<type>text</type>
<name>slot164</name>
<required>0</required>
</field>

<field>
<type>text</type>
<name>slot165</name>
<required>0</required>
</field>

<field>
<type>text</type>
<name>slot166</name>
<required>0</required>
</field>

<field>
<type>text</type>
<name>slot167</name>
<required>0</required>
</field>

<field>
<type>text</type>
<name>slot168</name>
<required>0</required>
</field>

<field>
<type>text</type>
<name>slot169</name>
<required>0</required>
</field>

<field>
<type>text</type>
<name>slot170</name>
<required>0</required>
</field>

<field>
<type>text</type>
<name>slot171</name>
<required>0</required>
</field>

<field>
<type>text</type>
<name>slot172</name>
<required>0</required>
</field>

<field>
<type>text</type>
<name>slot173</name>
<required>0</required>
</field>

<field>
<type>text</type>
<name>slot174</name>
<required>0</required>
</field>

<field>
<type>text</type>
<name>slot175</name>
<required>0</required>
</field>

<field>
<type>text</type>
<name>slot176</name>
<required>0</required>
</field>

<field>
<type>text</type>
<name>slot177</name>
<required>0</required>
</field>

<field>
<type>text</type>
<name>slot178</name>
<required>0</required>
</field>

<field>
<type>text</type>
<name>slot179</name>
<required>0</required>
</field>

<field>
<type>text</type>
<name>slot180</name>
<required>0</required>
</field>

<field>
<type>text</type>
<name>slot181</name>
<required>0</required>
</field>

<field>
<type>text</type>
<name>slot182</name>
<required>0</required>
</field>

<field>
<type>text</type>
<name>slot183</name>
<required>0</required>
</field>

<field>
<type>text</type>
<name>slot184</name>
<required>0</required>
</field>

<field>
<type>text</type>
<name>slot185</name>
<required>0</required>
</field>

<field>
<type>text</type>
<name>slot186</name>
<required>0</required>
</field>

<field>
<type>text</type>
<name>slot187</name>
<required>0</required>
</field>

<field>
<type>text</type>
<name>slot188</name>
<required>0</required>
</field>

<field>
<type>text</type>
<name>slot189</name>
<required>0</required>
</field>

<field>
<type>text</type>
<name>slot190</name>
<required>0</required>
</field>

<field>
<type>text</type>
<name>slot191</name>
<required>0</required>
</field>

<field>
<type>text</type>
<name>slot192</name>
<required>0</required>
</field>

<field>
<type>text</type>
<name>slot193</name>
<required>0</required>
</field>

<field>
<type>text</type>
<name>slot194</name>
<required>0</required>
</field>

<field>
<type>text</type>
<name>slot195</name>
<required>0</required>
</field>

<field>
<type>text</type>
<name>slot196</name>
<required>0</required>
</field>

<field>
<type>text</type>
<name>slot197</name>
<required>0</required>
</field>

<field>
<type>text</type>
<name>slot198</name>
<required>0</required>
</field>

<field>
<type>text</type>
<name>slot199</name>
<required>0</required>
</field>

<field>
<type>text</type>
<name>slot200</name>
<required>0</required>
</field>

</preset>
